{
  "eye": {
    "orientation": [
      0.10177728533744812,
      -0.3751589059829712,
      0.03112572431564331,
      0.9208303093910217
    ],
    "magnitude": 3.8907711505889893,
    "position": [
      -11.09337329864502,
      -2.9015064239501953,
      -38.37558364868164
    ]
  },
  "paths": [],
  "ortho": false,
  "radius": 100,
  "visualHints": 0
}